,sn_mva,tap_neutral,tap_pos,tap_step_percent,vk_percent
0,9900.0,0.0,-1.0,1.5,264.33
1,9900.0,0.0,-1.0,4.0,378.18
2,9900.0,0.0,-1.0,4.0,384.12
3,9900.0,0.0,-1.0,6.49999999999999,371.25
4,9900.0,0.0,-1.0,4.0,382.14
5,9900.0,0.0,-1.0,1.5,265.32
6,9900.0,0.0,-1.0,6.49999999999999,366.3
7,9900.0,,,,158.98808208164536
8,9900.0,0.0,-1.0,6.49999999999999,366.3
9,9900.0,,,,200.72906123678257
10,9900.0,0.0,-1.0,6.49999999999999,366.3
11,9900.0,,,,2072.259865070981
12,9900.0,,,,40.23604082163154
